2025-12-01_19-50-10,100,draft.py:2025-12-01_19-50-10
2025-12-01_19-50-10,100,draft.py:2025-12-01_19-50-10
2025-12-01_19-50-11,100,draft.py:2025-12-01_19-50-11
2025-12-01_19-50-11,100,draft.py:2025-12-01_19-50-11
2025-12-01_19-50-11,100,draft.py:2025-12-01_19-50-11
2025-12-01_19-50-11,100,draft.py:2025-12-01_19-50-11
2025-12-01_19-56-55,100,draft.py:2025-12-01_19-56-55
2025-12-08_19-57-34,100,draft.py:2025-12-01_19-56-55
2025-12-09_18-39-32,100,draft.py:2025-12-01_19-56-55
2025-12-09_18-39-32,100,draft.py:2025-12-01_19-56-55
2025-12-09_18-39-32,100,draft.py:2025-12-01_19-56-55
2025-12-09_18-52-53,100,draft.py:2025-12-09_18-52-53
2025-12-09_19-15-22,100,draft.py:2025-12-09_19-15-22
2025-12-09_19-15-24,100,draft.py:2025-12-09_19-15-22
2025-12-09_19-15-24,100,draft.py:2025-12-09_19-15-22
2025-12-09_19-23-29,0,draft.py:2025-12-09_19-23-29
2025-12-09_19-23-57,0,draft.py:2025-12-09_19-23-29
2025-12-09_19-23-58,0,draft.py:2025-12-09_19-23-29
2025-12-09_19-23-58,0,draft.py:2025-12-09_19-23-29
2025-12-09_19-23-59,0,draft.py:2025-12-09_19-23-29
2025-12-09_19-23-59,0,draft.py:2025-12-09_19-23-29
2025-12-09_19-23-59,0,draft.py:2025-12-09_19-23-29
2025-12-09_19-23-59,0,draft.py:2025-12-09_19-23-29
2025-12-09_19-24-00,0,draft.py:2025-12-09_19-23-29
2025-12-09_19-24-00,0,draft.py:2025-12-09_19-23-29
2025-12-09_19-24-00,0,draft.py:2025-12-09_19-23-29
2025-12-09_19-24-00,0,draft.py:2025-12-09_19-23-29
2025-12-09_19-24-00,0,draft.py:2025-12-09_19-23-29
2025-12-09_19-24-01,0,draft.py:2025-12-09_19-23-29
2025-12-09_19-24-01,0,draft.py:2025-12-09_19-23-29
2025-12-09_19-24-01,0,draft.py:2025-12-09_19-23-29
2025-12-09_19-24-01,0,draft.py:2025-12-09_19-23-29
2025-12-09_19-24-01,0,draft.py:2025-12-09_19-23-29
2025-12-09_19-24-01,0,draft.py:2025-12-09_19-23-29
