2025-12-09_19-24-46,100,draft.py:2025-12-09_19-24-46
2025-12-09_19-56-39,0,draft.py:2025-12-09_19-56-39
2025-12-09_20-03-55,100,draft.py:2025-12-09_20-03-55
2025-12-12_23-18-12,0,draft.py:2025-12-12_23-18-12
2025-12-12_23-18-12,0,draft.py:2025-12-12_23-18-12
2025-12-12_23-18-12,0,draft.py:2025-12-12_23-18-12
2025-12-12_23-18-22,0,draft.py:2025-12-12_23-18-12
2025-12-12_23-18-22,0,draft.py:2025-12-12_23-18-12
2025-12-13_00-29-35,100,draft.py:2025-12-13_00-29-35
2025-12-13_00-29-48,100,draft.py:2025-12-13_00-29-35
2025-12-13_00-29-58,100,draft.py:2025-12-13_00-29-35
2025-12-13_00-29-59,100,draft.py:2025-12-13_00-29-35
2025-12-13_00-29-59,100,draft.py:2025-12-13_00-29-35
2025-12-13_00-29-59,100,draft.py:2025-12-13_00-29-35
2025-12-13_00-37-58,0,draft.py:2025-12-13_00-37-58
2025-12-13_00-40-08,0,draft.py:2025-12-13_00-37-58
2025-12-13_00-42-43,0,draft.py:2025-12-13_00-37-58
2025-12-13_00-42-44,0,draft.py:2025-12-13_00-37-58
2025-12-13_00-42-44,0,draft.py:2025-12-13_00-37-58
2025-12-13_00-42-44,0,draft.py:2025-12-13_00-37-58
2025-12-13_00-42-45,0,draft.py:2025-12-13_00-37-58
2025-12-13_00-44-38,0,draft.py:2025-12-13_00-44-38
2025-12-13_00-45-06,0,draft.py:2025-12-13_00-45-06
2025-12-13_00-45-11,0,draft.py:2025-12-13_00-45-11
2025-12-13_00-45-32,0,draft.py:2025-12-13_00-45-32
2025-12-13_00-45-36,0,draft.py:2025-12-13_00-45-36
2025-12-13_00-47-43,0,draft.py:2025-12-13_00-47-43
2025-12-13_00-57-26,0,draft.py:2025-12-13_00-47-43
