2025-12-14_21-34-05,0,draft.py:2025-12-14_21-34-05
2025-12-14_22-59-31,0,draft.py:2025-12-14_22-59-31
2025-12-14_23-49-29,0,draft.py:2025-12-14_23-49-29
2025-12-15_00-11-44,0,draft.py:2025-12-15_00-11-44
2025-12-15_00-38-07,0,draft.py:2025-12-15_00-38-07
2025-12-15_00-38-15,0,draft.py:2025-12-15_00-38-07
2025-12-15_02-06-09,0,draft.py:2025-12-15_02-06-09
2025-12-15_02-13-08,0,draft.py:2025-12-15_02-06-09
2025-12-15_02-20-36,0,draft.py:2025-12-15_02-06-09
2025-12-15_02-28-51,0,draft.py:2025-12-15_02-06-09
2025-12-15_02-36-10,0,draft.py:2025-12-15_02-36-10
2025-12-15_02-36-17,0,draft.py:2025-12-15_02-36-10
